{
  "spec": "SBF v0.1",
  "spec_version": "0.1.0",
  "l": "L5",
  "t": "Example L5",
  "chars": [
    {
      "id": "ch_alex",
      "n": "Alex Rios"
    }
  ],
  "beats": [
    {
      "id": "b0001",
      "act": 1,
      "evt": "Alex Rios discovers a ledger.",
      "actn": {
        "p": "ch_alex",
        "a": "discover"
      }
    }
  ],
  "text_map": {
    "coverage": 0.965,
    "loss_tolerance": 0.04,
    "chunks": [
      {
        "id": "t001",
        "si": 0,
        "hash": "sha1:deadbeef",
        "len": 28
      }
    ],
    "spans": [
      {
        "scope": "beat",
        "ref": "b0001",
        "chunk": "t001",
        "offset": 0,
        "len": 28
      }
    ]
  }
}