{
  "spec": "SBF v0.1",
  "spec_version": "0.1.0",
  "l": "L4",
  "t": "Example L4",
  "dict": {
    "s": [
      "Holmes confronts the culprit at the manor",
      "Night"
    ],
    "q": [
      "Out, out, brief candle!"
    ]
  },
  "chars": [
    {
      "id": "ch_holmes",
      "n": "Sherlock Holmes"
    }
  ],
  "ents": [
    {
      "id": "loc_manor",
      "type": "loc",
      "n": "Baskerville Manor"
    }
  ],
  "beats": [
    {
      "id": "b0001",
      "act": 3,
      "evt_si": 0,
      "actn": {
        "p": "ch_holmes",
        "a": "confront",
        "loc": "loc_manor",
        "when": "Night"
      }
    }
  ],
  "style": {
    "voice": "noir",
    "tone_curve": [
      3,
      6,
      8,
      5
    ],
    "pacing": {
      "sentences_per_beat": 2,
      "scene_rate": 1
    },
    "diction": [
      3,
      2,
      6,
      4,
      1,
      2,
      3,
      4,
      5,
      4,
      3,
      2
    ],
    "register": "formal"
  },
  "themes": [
    {
      "id": "th_guilt",
      "label": "guilt",
      "weight": 0.7,
      "beats": [
        "b0001"
      ]
    }
  ],
  "quotes": [
    {
      "beat": "b0001",
      "q_si": 0
    }
  ]
}